evidence_id,book,chapter,page_ref,location_scope,primary_location,secondary_location,constraint_type,constraint_statement,certainty_tier,quote_excerpt,paraphrase,negative_constraint,decision_status,notes
UMAP001,TNOTW,36 - Less Talents,pdf p. 153,campus,University town,Imre,settlement_scale,"The University sits at the heart of a town-sized settlement with wide roads, clean air, lawns, gardens, houses, and shops.",Tier 1,"""more of a town""","The built-up area around the University is orderly and service-oriented, not a dense city like Tarbean.",,source_logged,Use for campus outskirts and street width.
UMAP002,TNOTW,36 - Less Talents,pdf p. 153,campus,University campus,,building_count,The University is described as having about fifteen buildings that do not resemble each other.,Tier 1,"""about fifteen buildings""",The campus is multi-building and architecturally varied.,,source_logged,Useful for avoiding a tiny four-building campus.
UMAP003,TNOTW,36 - Less Talents,pdf p. 153,route,Imre,University,direction,"From Imre, Kvothe travels west to reach the University.",Tier 1,"""made my way west""",The University lies west of Imre.,,source_logged,High-value directional anchor.
UMAP004,TNOTW,36 - Less Talents,pdf p. 153,route,Stonebridge,Omethi River,structure,The road crosses the Omethi by an old stone bridge over two hundred feet long and wide enough for two wagons to pass.,Tier 1,"""old stone bridge""","Stonebridge is a major, ancient, wagon-wide crossing over the river canyon.",,source_logged,Strong exterior scale reference.
UMAP005,TNOTW,36 - Less Talents,pdf p. 153,route,Stonebridge,the Archives,sightline,"From the crest of Stonebridge, the Archives can be seen rising over the trees to the west.",Tier 1,"""over the trees to the west""",The Archives are visually dominant from the bridge approach.,,source_logged,Important for skyline composition.
UMAP006,TNOTW,36 - Less Talents,pdf p. 153,building,the Archives,,exterior_trait,"The Archives are featureless, grey, square, larger than stacked granaries, without windows or decoration, and with one great stone entrance.",Tier 1,"""No windows, no decorations""",The Archives should read as a severe monolithic block.,No windows; no exterior ornament; do not add multiple public entrances.,source_logged,Foundational exterior brief.
UMAP007,TNOTW,36 - Less Talents,pdf p. 153,building,the Archives,,access,Kvothe has to circle the Archives to locate the entrance.,Tier 1,"""circled around it""",The entrance is not immediately obvious from his approach side.,Do not assume the approach road faces the main entrance directly.,source_logged,Useful when choosing the door-facing elevation.
UMAP008,TNOTW,36 - Less Talents,pdf p. 153,building,the Archives,,entry_sequence,"The public entry sequence is stone doors into a small antechamber, then inner wooden doors into the main interior.",Tier 1,"""small antechamber""",The Archives have a two-stage threshold rather than a single direct opening into the reading spaces.,,source_logged,Use in floor-plan prompts.
UMAP009,TNOTW,36 - Less Talents,pdf p. 154,building,the Archives,,interior_trait,"From the antechamber, two double doors lead to TOMES and STACKS, and a smaller door behind the desk is labeled SCRIVS ONLY.",Tier 1,"""TOMES ... STACKS ... SCRIVS ONLY""","The reception zone branches into public reading, restricted stacks, and staff-only space.",,source_logged,Strong lobby layout evidence.
UMAP010,TNOTW,36 - Less Talents,pdf p. 154,route,the Archives,Hollows,direction,"From the Archives, Hollows is reached by going down and then left; it is the short building with colored windows and two big maples out front.",Tier 1,"""Down, then left""",Hollows lies near the Archives and is visually identifiable from outside.,,source_logged,Direct route clue.
UMAP011,TNOTW,36 - Less Talents,pdf p. 153,building,the Mews,,exterior_trait,Mews has a circular central hub with eight wings radiating outward like a compass rose.,Tier 1,"""circular central hub""","The Mews should be planned as a radial building, not a plain dorm block.",Do not redesign Mews as a simple rectangle.,source_logged,One of the clearest University shell descriptions.
UMAP012,TNOTW,36 - Less Talents,pdf p. 153,building,Hollows,,exterior_trait,"Hollows is simple and square, with stained glass windows depicting Teccam speaking at the mouth of his cave.",Tier 1,"""simple and square""",Hollows has a compact square form and notable stained glass.,,source_logged,Supports admissions-building identity.
UMAP013,TNOTW,36 - Less Talents,pdf p. 153,building,the Mains,,exterior_trait,Mains covers nearly an acre and a half and looks cobbled together from smaller mismatched buildings.,Tier 1,"""cobbled together""",Mains should read as accreted rather than symmetrically designed.,Do not make Mains neat or uniform.,source_logged,Primary massing clue.
UMAP014,TNOTW,38 - Sympathy in the Mains,pdf p. 169,building,the Mains,,historical_growth,"Mains is the oldest University building and has grown slowly in all directions, engulfing smaller buildings and courtyards.",Tier 1,"""grown slowly in all directions""",Mains is an accreted complex with absorbed spaces.,,source_logged,Strong justification for irregular plan.
UMAP015,TNOTW,38 - Sympathy in the Mains,pdf p. 169,building,the Mains,,circulation,"Mains has odd turns, dead ends, rambling routes, and shortcut paths through workrooms and lecture halls.",Tier 1,"""Hallways took odd turns""",Circulation in Mains is intentionally labyrinthine.,Do not make Mains internally straightforward.,source_logged,Critical for believable floor-plan prompts.
UMAP016,TNOTW,38 - Sympathy in the Mains,pdf p. 169,building,the Mains,,courtyard_access,At least one courtyard in Mains is completely isolated and can only be accessed by climbing through a window.,Tier 1,"""accessed by climbing though a window""",Mains contains sealed or awkwardly accessible internal voids.,,source_logged,High-value oddity for level design.
UMAP017,TNOTW,37 - Bright-Eyed,pdf p. 163,building,the Mews,,exterior_trait,"A second description of Mews presents it as a grey, three-story, many-windowed building with several wings radiating from a central hub.",Tier 1,"""three stories tall, many-windowed""",Mews is not only radial but also visibly windowed and multi-story.,,source_logged,Supports the compass-rose description with usable scale.
UMAP018,TNOTW,37 - Bright-Eyed,pdf p. 164,building,the Mews,,room_assignment,"Non-Arcanum bunks are on the fourth floor of the east wing, farthest from the bathing facilities on the ground floor.",Tier 1,"""fourth floor of the east wing""",The Mews has wing-specific and floor-specific housing assignments plus ground-floor baths.,,source_logged,Excellent interior zoning evidence.
UMAP019,TNOTW,41 - Friend's Blood,pdf p. 186-187,building,the Mews,,room_assignment,Arcanum students are housed in the west wing of Mews.,Tier 1,"""Arcanum students were located in the west wing""",The Mews divides student housing by status and wing.,,source_logged,Pairs with east-wing bunk evidence.
UMAP020,TNOTW,37 - Bright-Eyed,pdf p. 163,campus,the Mess,the Mews,adjacency,"The Mess is a long, low-roofed building across the lawn from the Mews.",Tier 1,"""across the lawn""",The Mess sits close to Mews with open lawn between them.,,source_logged,Useful for service-zone placement.
UMAP021,TNOTW,41 - Friend's Blood,pdf p. 187,campus,the Medica,the Archives,adjacency,Wilem says the Medica is on the other side of the Archives.,Tier 1,"""on the other side of Archives""",The Medica sits directly beyond or opposite the Archives from that courtyard approach.,,source_logged,One of the strongest campus adjacency clues.
UMAP022,TNOTW,41 - Friend's Blood,pdf p. 187,building,the Medica,,exterior_trait,"The Medica is a large, oddly shaped building, like a taller and less rambling version of Mains.",Tier 1,"""taller, less rambling version of Mains""","The Medica should feel big and irregular, but more disciplined than Mains.",,source_logged,Good shell prompt input.
UMAP023,TNOTW,44 - The Burning Glass,pdf p. 204,building,the Fishery,,program,"The Fishery contains shops for glassblowers, joiners, potters, glaziers, plus a forge and smelt-works.",Tier 1,"""shops for glassblowers""","The Fishery is an industrial complex, not a single narrow workshop.",,source_logged,Defines major functional zones.
UMAP024,TNOTW,44 - The Burning Glass,pdf p. 204,building,the Artificery,the Fishery,naming,"Kilvin's workshop is in the Artificery, more commonly called the Fishery.",Tier 1,"""Artificery or ... the Fishery""",The books treat Artificery and Fishery as the same larger location or two names for the same complex.,,source_logged,Keep both names linked in prompts.
UMAP025,TNOTW,44 - The Burning Glass,pdf p. 204,room,Kilvin's workshop,the Fishery,interior_trait,Kilvin's workshop is as big as the inside of a granary and holds at least two dozen thick-timbered worktables.,Tier 1,"""big as the inside of a granary""","The core workshop is broad, open, and heavily bench-filled.",,source_logged,Useful for industrial-room plans.
UMAP026,TNOTW,44 - The Burning Glass,pdf p. 204,room,Kilvin's workshop,the Fishery,verticality,A narrow wrought-iron stair leads to slim iron walkways about twenty-five feet above the floor among the rafters.,Tier 1,"""twenty-five feet above the ground""",The workshop has elevated maintenance or observation walkways in the rafters.,,source_logged,Important vertical circulation clue.
UMAP027,TWMF,4 - Tar and Tin,pdf p. 52,campus,University production zone,,economy_program,"The Medica, alchemy complex, and Artificery are major production nodes exporting medicines, alchemical materials, and crafted devices.",Tier 1,"""The Medica made medicines""",These buildings are not decorative; they are working production centers tied to trade.,,source_logged,Useful for city logistics and loading areas.
UMAP028,TWMF,4 - Tar and Tin,pdf p. 52,room,the Stocks,the Fishery,subarea,The Stocks are the storeroom where artificers sign out tools and materials.,Tier 1,"""the Stocks, the storeroom""",The Fishery includes a formal issue window or materials counter.,,source_logged,Needed for Fishery sublayout.
UMAP029,TWMF,4 - Tar and Tin,pdf p. 56,subterranean,Underthing,University,access,Auri leads Kvothe down through an iron drainage grate into the tunnel sprawl beneath the University.,Tier 1,"""iron drainage grate""",At least one surface grate connects the campus to the Underthing.,,source_logged,Strong access point evidence.
UMAP030,TWMF,4 - Tar and Tin,pdf p. 56-57,subterranean,Underthing,,route,"Named Underthing routes include Nodway, Vaults, and Billows, and one tunnel space is heated by exposed steam pipes.",Tier 1,"""Nodway ... Vaults ... Billows""",The Underthing is a large named network rather than a single sewer tunnel.,,source_logged,Useful for later subterranean map work.
UMAP031,TWMF,4 - Tar and Tin,pdf p. 57,subterranean,Underthing,the Archives,access,"A proper tunnel and a long, belly-crawl passage provide hidden access to the Archives through its ventilation system.",Tier 1,"""how fresh air made its way""",The Archives connect to the Underthing through service or ventilation routes.,,source_logged,High-value hidden-route evidence.
UMAP032,TNOTW,39 - Enough Rope,pdf p. 172,room,Tomes,the Archives,interior_trait,"Tomes is a large, high-ceilinged, well-lit main reading room with long tables and shelving for core class texts, and requests are submitted at the desk.",Tier 1,"""main reading area""","Tomes is a formal public reading room, not a maze like the Stacks.",,source_logged,Good public-room floor-plan anchor.
UMAP033,TWMF,7 - Admissions,pdf p. 96,room,Tomes,the Archives,lighting,"During admissions, Tomes is the only well-lit room in the whole Archives building.",Tier 1,"""only well-lit room""",Most of the Archives remain dim or dark by comparison.,,source_logged,Strong lighting rule.
UMAP034,TNOTW,46 - The Ever-Changing Wind,pdf p. 198,room,the Stacks,the Archives,lighting,"The Stacks are unlit; students need hand lamps, and open flame is catastrophically unsafe there.",Tier 1,"""The Stacks aren't lit""","The Stacks should be planned as dark storage with portable light, not evenly lit halls.",No windows; no general open-flame lighting.,source_logged,Combines practical lighting and safety.
UMAP035,TNOTW,46 - The Ever-Changing Wind,pdf p. 198,room,the Stacks,the Archives,environment,"Despite having no windows, the Stacks are cool, dry, and fresh-aired.",Tier 1,"""cool and dry""",Any floor plan should account for unseen air management.,,source_logged,Supports the ventilation-tunnel evidence.
UMAP036,TWMF,The Hidden City,pdf p. 180,building,the Archives,,circulation,"Kvothe describes the Archives as a city unto itself with roads, winding lanes, alleys, and shortcuts.",Tier 1,"""like a city unto itself""",The Archives should be mapped as a navigable urban maze of book districts.,,source_logged,Very important for internal consistency.
UMAP037,TWMF,The Hidden City,pdf p. 180,building,the Archives,,subareas,"Named Archives subareas include the Scriptorium, Sorting Hall, Buggery, Cataloger's Mew, Bindery, Bolts, Palimpsest, and acquisitions office.",Tier 1,"""Scriptorium ... Sorting Hall""",These rooms or districts should exist in any serious Archives layout.,,source_logged,High-value room list.
UMAP038,TWMF,The Hidden City,pdf p. 180,room,acquisitions office,the Archives,interior_trait,"The acquisitions office is tiny and perpetually dark, with one wall dominated by a huge lacquered map tracking cities, roads, and book-acquisition teams.",Tier 1,"""tiny and perpetually dark""","This office is a distinct, map-heavy administrative room.",,source_logged,Useful for a specific room prompt later.
UMAP039,TWMF,The Hidden City,pdf p. 181,building,the Stacks,the Archives,organization,The Stacks make up most of the Archives and include well-cataloged and badly cataloged neighborhoods; two whole floors once shifted into disorder after ledger-books burned.,Tier 1,"""two entire floors""",The building is multi-floor and unevenly organized.,,source_logged,Confirms vertical scale and uneven maintenance.
UMAP040,TWMF,The Hidden City,pdf p. 181,building,the Archives,,landmark,The four-plate door sits as the secret at the heart of the Archives city.,Tier 1,"""at the heart of the city""",The four-plate door is a central interior landmark.,,source_logged,Important lore-sensitive anchor.
UMAP041,TNOTW,46 - The Ever-Changing Wind,pdf p. 200,room,the Stacks,the Archives,verticality,A scriv finds Kvothe near the southeast stairwell in the Stacks.,Tier 1,"""southeast stairwell""",The Stacks include cardinally identified internal stairwells.,,source_logged,Useful for floor-plan directionality.
UMAP042,TWMF,,pdf p. 93,building,Masters' Hall,,exterior_trait,"Masters' Hall is grey stone, and at night a dim interior light shows stained glass of Teccam speaking at the mouth of his cave.",Tier 1,"""grey stone of the Masters' Hall""","Masters' Hall has a more formal, residential-academic identity than the industrial buildings.",,source_logged,Distinct building identity.
UMAP043,TWMF,,pdf p. 117,building,Masters' Hall,,program,"Masters' Hall contains living quarters for the masters, the resident gillers, and guest rooms for visiting arcanists.",Tier 1,"""living quarters for the masters""",Masters' Hall is primarily residential and administrative.,,source_logged,Useful for internal zoning.
UMAP044,TWMF,,pdf p. 93,building,the Crucible,,exterior_trait,"The Crucible has countless bristling chimneys and a stone smell of ammonia, charred flowers, acid, and alcohol.",Tier 1,"""countless bristling chimneys""",The Crucible should read as a chemical-industrial building.,,source_logged,Possible relation to alchemy complex still unconfirmed.
UMAP045,TWMF,46 - The Ever-Changing Wind,pdf p. 210-212,route,University north edge,Haven,route,Elodin reaches Haven by following a wide dirt road out of the northern edge of the University into the forest.,Tier 1,"""northern edge of the University""",Haven is outside the dense campus core and approached from the north.,,source_logged,Major campus-perimeter clue.
UMAP046,TWMF,46 - The Ever-Changing Wind,pdf p. 212,building,Haven,,exterior_trait,"Haven is a huge manor-like building bigger than the Artificery, with a red tile roof, high windows, arched doorways, pillars, fountains, flowers, and hedges.",Tier 1,"""Bigger than the Artificery""","Haven is expansive and formal, not a dungeon block.",,source_logged,Strong shell description.
UMAP047,TWMF,46 - The Ever-Changing Wind,pdf p. 212,building,Haven,,boundary,Haven is enclosed by a nearly ten-foot-tall wrought-iron fence that is effectively unclimbable.,Tier 1,"""nearly ten feet tall""",Haven is deliberately enclosed and secured.,,source_logged,Boundary condition for grounds.
UMAP048,TWMF,46 - The Ever-Changing Wind,pdf p. 213,building,Haven,,interior_trait,"Haven has a huge entryway with stained glass windows and vaulted ceilings, then a wide marble staircase and long white hallways lined with wooden doors.",Tier 1,"""wide marble staircase""","Haven interior is polished, large-scale, and vertically organized.",,source_logged,Good floor-plan seed.
UMAP049,TNOTW,Slow Circles,pdf p. 242,building,the Mains,,access,Kvothe reaches the Mains roof by shimmying up drainpipes in a sheltered box alley.,Tier 1,"""shimmying up a series of drainpipes""",Mains includes exterior roof-accessible drainpipes and at least one narrow alley box.,,source_logged,Helpful for exterior massing and traversal.
UMAP050,TNOTW,Slow Circles,pdf p. 242,room,isolated courtyard,the Mains,interior_trait,The isolated Mains courtyard contains an apple tree and is reached from the roof approach.,Tier 2,"""isolated courtyard with the apple tree""","This likely matches the earlier isolated courtyard rumor, but the text does not explicitly name it the same courtyard.",,source_logged,"Mark as likely same courtyard, not fully locked."
UMAP051,TWMF,,pdf p. 93,building,the Archives,,exterior_trait,"At night the Archives are described as five stories tall, windowless, and lit only by sympathy light leaking around the massive doors.",Tier 1,"""Five stories tall and windowless""",This confirms the exterior height more explicitly than the earlier monolith description.,,source_logged,Useful for elevation prompts.
UMAP052,TWMF,,pdf p. 1322,building,the Archives,,roof_access,The Archives have a locked roof door and a bare stone rooftop above a courtyard from which people below can hear calls for help.,Tier 1,"""bare stone rooftop""",The Archives roof is accessible by keyed door and overlooks at least one courtyard.,,source_logged,Important for top-floor and roof planning.
UMAP053,TNOTW,,pdf p. 286-287,campus,Anker's,Stonebridge/river side,district_relation,"Kvothe tries every inn on this side of the river before taking work and lodging at Anker's, placing it on the University side rather than in Imre.",Tier 1,"""this side of the river""",Anker's belongs on the University bank.,,source_logged,Useful for wider town map.
UMAP054,TNOTW,,"pdf p. 287, 291-292",building,Anker's,nearby bakery,access,"Kvothe's tiny room at Anker's is on the third floor and can be reached from an alley between the inn and the bakery by climbing rain barrel, ledge, drainpipe, and roofs.",Tier 1,"""third floor""",Anker's and the bakery share a climbable alley-and-roof relationship.,,source_logged,Good if you map the student district in detail.
UMAP055,TNOTW,36 - Less Talents,chapter 36,environment,Omethi River canyon,Stonebridge,topography,The Omethi has carved a rocky canyon between Imre and the University approach.,Tier 1,rocky canyon,The river crossing is a real terrain break with meaningful elevation and sightline impact.,,imported_from_workbook,Integrated from evidencNOTW.xlsx.
UMAP056,TNOTW,36 - Less Talents,chapter 36,access,the Archives,entry desk ledgers,permission_rule,"Archives entry depends on being recorded in the desk ledgers, or being in the book.",Tier 1,in the book,The antechamber desk is a formal gatekeeping checkpoint rather than a passive reception desk.,,imported_from_workbook,Integrated from evidencNOTW.xlsx.
UMAP057,TNOTW,36 - Less Talents,chapter 36,room,Hollows admissions theatre,Hollows,room_function,Hollows contains a dark theatre-like admissions chamber with a stage and a large raised crescent table for the masters.,Tier 1,empty theater,At least one major Hollows room is ceremonial and authority-focused rather than classroom-flat.,,imported_from_workbook,Integrated from evidencNOTW.xlsx.
UMAP058,TNOTW,36 - Less Talents,chapter 36,access,Hollows,back entrance,secondary_access,Hollows has at least one back entrance and locked interior routes that can be bypassed or picked.,Tier 1,back entrance,Hollows is not a single-front-door-only building.,,imported_from_workbook,Integrated from evidencNOTW.xlsx.
UMAP059,TNOTW,37 - Bright-Eyed,chapter 37,building,bursar building,courtyard,route,"The bursar is reached by crossing a courtyard, entering another stone building, passing through a hallway, and going down a flight of stairs.",Tier 1,down a flight of stairs,The bursar is in a separate administrative building with at least partial below-grade access.,,imported_from_workbook,Integrated from evidencNOTW.xlsx. Building remains unnamed.
UMAP060,TNOTW,37 - Bright-Eyed,chapter 37,room,the Mess,dining hall,room_scale,The Mess dining room has large plank tables and can seat roughly two hundred students at once.,Tier 1,about two hundred students,"The Mess is a substantial communal dining hall, not a tiny canteen.",,imported_from_workbook,Integrated from evidencNOTW.xlsx.
UMAP061,TNOTW,38 - Sympathy in the Mains,chapter 38,room,the Mains lecture theatre,the Mains,room_function,At least one Mains classroom is arranged like a small theatre with tiered semicircular seating around a raised stage and stone worktable.,Tier 1,small theater,Some Mains teaching rooms are demonstration theatres rather than flat classrooms.,,imported_from_workbook,Integrated from evidencNOTW.xlsx.
UMAP062,TNOTW,40 - On the Horns,chapter 40,room,Masters' Hall,Hollows zone,room_identity,Masters' Hall is a large windowless room with a familiar crescent-shaped masters' table that is not elevated in the same way as the Hollows admissions theatre.,Tier 2,large windowless room,"The masters use a second formal chamber distinct from the raised-admissions staging, but its exact relation to Hollows stays unresolved.",,imported_from_workbook,Integrated from evidencNOTW.xlsx. Keep as ambiguous siting evidence.
UMAP063,TNOTW,41 - Friend's Blood,chapter 41,building,the Medica,town patients,institutional_role,"The Medica treats the sick beyond the student body, and those without coin can work off their debt after recovery.",Tier 1,work until your debt is balanced,The Medica is both a teaching/clinical building and a functioning public hospital-economy institution.,,imported_from_workbook,Integrated from evidencNOTW.xlsx.
UMAP064,TNOTW,43-44,chapters 43-44,access,the Stacks,Archive entry desk,fee_and_lighting,"Stacks access is treated separately from Tomes, with a stack fee and a practice of signing out portable hand lamps from the desk.",Tier 1,stack fee,The Archives threshold differentiates public reading from deeper-stack use through both permission and equipment.,,imported_from_workbook,Integrated from evidencNOTW.xlsx.
UMAP065,TNOTW,43 - The Flickering Way,chapter 43,building,the Stacks,the Archives,vertical_layout,"The Stacks include stairwells going up and down, small stone rooms with heavy wooden doors, and a building profile described as six stories tall with underground extension.",Tier 1,six stories tall and also extends underground,The Stacks are vertically extensive and include enclosed study or discussion rooms within the maze.,,imported_from_workbook,Integrated from evidencNOTW.xlsx.
UMAP066,TNOTW,43 - The Flickering Way,chapter 43,door,the four-plate door,the Stacks,door_architecture,"The four-plate door is seamless grey stone set flush with the wall, with no hinge or handle, four copper plates, and unusual keyholes beneath the word VALARITAS.",Tier 1,VALARITAS,This is not an ordinary locked door but a uniquely built high-security threshold embedded in the Stacks.,,imported_from_workbook,Integrated from evidencNOTW.xlsx.
UMAP067,TNOTW,46 - The Ever-Changing Wind,chapter 46,office,Elodin's office,Hollows,office_assignment,"Elodin has an office in Hollows, even though he rarely or never seems to use it.",Tier 1,office in Hollows,Hollows contains at least one master office in addition to its admissions functions.,,imported_from_workbook,Integrated from evidencNOTW.xlsx.
UMAP068,TNOTW,46 - The Ever-Changing Wind,chapter 46,building,Haven,capacity,institution_scale,"A Haven guard estimates roughly 320 to 350 patients are present, with room for another 150 if needed.",Tier 1,Three-twenty? Three-fifty?,"Haven is a truly large institutional complex, not a small ward or annex.",,imported_from_workbook,Integrated from evidencNOTW.xlsx.
UMAP069,TNOTW,46 - The Ever-Changing Wind,chapter 46,room,Alder Whin's room,Haven,room_safety_design,"Alder Whin's Haven room has tall windows, normal furniture, and thick white padding on walls, ceiling, and floor that muffles sound.",Tier 1,"walls, ceiling, and floor were all padded",At least some Haven rooms are daylight-accessible but heavily customized for patient safety and sound suppression.,,imported_from_workbook,Integrated from evidencNOTW.xlsx.
UMAP070,TNOTW,46 - The Ever-Changing Wind,chapter 46,room,Elodin's former cell,Haven,high_containment_room,"One Haven containment room uses a solid copper door, bare grey stone walls, huge copper-framed windows, no inner handle, a visible balcony without obvious access, and unusual heavy-feeling air.",Tier 1,solid copper door,Haven includes at least one specialized high-containment chamber engineered for dangerous arcanists or namers.,,imported_from_workbook,Integrated from evidencNOTW.xlsx. Mechanism behind the heavy-air effect remains unknown.
